[zh-CN]
a;奥镇
a_short;奥镇
aalborg;奥尔堡
aarhus;奥胡斯
aberdeen;阿伯丁
aberdeen_wa;阿伯丁
aberystwyth;阿伯里斯特威斯
afula;阿富拉
agnikolaos;圣尼古拉奥斯
agnikolaos_short;圣尼古拉奥斯
ajaccio;阿雅克肖
akko;阿卡
akranes;阿克拉内斯
akureyri;阿克雷里
alajarvi;阿拉耶尔维
alamogordo;阿拉莫戈多
aland;奥兰群岛
albacete;阿尔巴塞特
albaiulia;阿尔巴尤利亚
alban;圣阿尔邦迪龙
albuquerque;阿尔伯克基
alesund;奥勒松
alexandroup;亚历山德鲁波利斯
alicante;阿利坎特
almeria;阿尔梅里亚
alta;阿尔塔
amman;安曼
amsterdam;阿姆斯特丹
ancona;安科纳
andalsnes;翁达尔斯内斯
andorra;安道尔城
andorra_vella;安道尔城
antwerp;安特卫普
aqaba;亚喀巴
arad;阿拉德
aranda;阿兰达
aranda_short;阿兰达
are;奥勒
arnhem;阿纳姆
artesia;阿蒂西亚
arvidsjaur;阿维斯焦
ashdod;阿什杜德
ashkelon;阿什凯隆
astoria;阿斯托里亚
athina;雅典
augustow;奥古斯图夫
aurach;奥拉赫
bacau;巴克乌
badajoz;巴达霍斯
bado;巴特恩豪森
baiamare;巴亚马雷
bakersfield;贝克斯菲尔德
balti;巴尔蒂
balvi;巴尔维
banjaluka;巴尼亚卢卡
barcelona;巴塞罗那
bari;巴里
barnstaple;巴恩斯特普尔
barstow;巴斯托
basel;巴塞尔
bastia;巴斯蒂亚
bayonne;巴约讷
bbiala;别尔斯科-比亚瓦
beersheva;贝尔谢巴
beirut;贝鲁特
belda;贝尔达
belfast;贝尔法斯特
bellingham;贝灵汉
bend;本德
beograd;贝尔格莱德
bergen;卑尔根
berlin;柏林
bern;伯尔尼
betshean;贝特谢安
bialystok;比亚韦斯托克
bielskpdl;波德拉谢省
bielskpdl_short;波德拉谢省
bilbao;毕尔巴鄂
birmingham;伯明翰
birsay;伯赛
bistrita;比斯特里察
bitola;比托拉
blagoevgrad;布拉戈耶夫格勒
blonduos;布伦迪欧斯
bobolice;博博利采
boden;博登
bodo;博德
bologna;博洛尼亚
bolungarvik;博隆加维克
bonifacio;博尼法乔
bonn;波恩
bor;博尔
bordeaux;波尔多
borgarnes;博尔嘎内斯
borlange;博伦厄
botosani;博托沙尼
bourges;布尔日
braila;布勒伊拉
brasov;布拉索夫
bratislava;布拉迪斯拉发
bregenz;布雷根茨
bremen;不莱梅
bremerhaven;不来梅哈芬
brest;布雷斯特
brighton;布莱顿
bristol;布里斯托尔
brno;布尔诺
broadford;布罗德福德
bronnoysund;布伦讷于松
brussel;布鲁塞尔
bucuresti;布加勒斯特
budapest;布达佩斯
budejovice;布杰约维采
budejovice_short;布杰约维采
burg;费马恩城堡
burgas;布尔加斯
burgos;布尔戈斯
burns;柏恩斯
busko;布斯科兹德鲁伊
buzau;布泽乌
byblos;杰巴尔
bydgoszcz;比得哥什
bystrica;班斯卡-比斯特里察
bytom;比托姆
cadiz;加的斯
cagliari;卡利亚里
cairnryan;卡琳赖安
cairo;开罗
calais;加来
calarasi;克勒拉希
calvi;卡尔维
cambridge;剑桥
camp_verde;坎普维德
canfranc;坎弗兰克
canterbury;坎特伯雷
cardiff;卡迪夫
carlisle;卡莱尔
carlsbad;卡尔斯巴德
carlsbad_nm;卡尔斯巴德
carson_city;卡森城
cassino;卡西诺
catania;卡塔尼亚
catanzaro;卡坦扎罗
cedar_city;雪松城
cernavoda;切尔纳沃德
chania;干尼亚
charleroi;沙勒罗瓦
chelm;海乌姆
chelmsford;切姆斯福德
chemnitz;开姆尼茨
cherb;瑟堡昂科唐坦
cherbourg;瑟堡昂科唐坦
cherbourg_short;瑟堡昂科唐坦
chernivtsi;切尔诺夫策
chernyakh;切尔尼亚霍夫斯克
chisinau;基希讷乌
chorzow;霍茹夫
chur;库尔
cieszyn;切申
ciudadreal;雷阿尔城
civaux;西沃核电站
clermont;克莱蒙费朗
clifton;克利夫顿
clovis;克洛维斯
cluj;克鲁日
cluj_napoca;克卢日-纳波卡
colville;科尔维尔
constanta;康斯坦察
contreras;孔特雷拉斯
coos_bay;库斯湾
cork;科克
craiova;克拉约瓦
croydon;克罗伊登
cuenca;昆卡
cuxhaven;库克斯港
czluchow;奇武胡夫
damascus;大马士革
damietta;达米埃塔
daugavpils;陶格夫匹尔斯
debrecen;德布勒森
deraa;德拉
deva;德瓦
dijon;第戎
dimona;迪莫纳
doboj;多博伊
dombas;杜姆奥斯
donostia;圣塞瓦斯蒂安
dortmund;多特蒙德
douglas;道格拉斯
dover;多佛
drammen;德拉门
dresden;德累斯顿
drobeta;德罗贝塔-塞维林堡
dublin;都柏林
dubrovnik;杜布罗夫尼克
duisburg;杜伊斯堡
dumfries;邓弗里斯
durres;都拉斯
dusseldorf;杜塞尔多夫
dziwnowek;迪沃诺克
edinburgh;爱丁堡
edirne;埃迪尔内
egypt;埃及
ehrenberg;埃伦伯格
eilat;埃拉特
eindhoven;埃因霍温
eingedi;隐基底
el_centro;埃尔森特罗
elarish;里士
elblag;埃尔布隆格
elk;麋鹿
elko;埃尔科
ely;伊利
erfurt;爱尔福特
esbjerg;埃斯比约
eugene;尤金
eureka;尤里卡
europabr;欧罗巴大桥休息区
europoort;欧罗波特
everett;埃弗里特
evie;伊维
evora;埃武拉
exeter;埃克塞特
falun;法伦
farmington;法明顿
feldkirch;费尔德基希
felixstowe;费利克斯托港
firenze;佛罗伦萨
fishguard;菲什加德
flagstaff;弗拉格斯塔夫
flensburg;弗伦斯堡
floro;弗洛罗
focsani;福克沙尼
folkestone;福克斯通
forst;福斯特
forst_short;福斯特
frankfurt;法兰克福
fraserburgh;弗雷泽堡
frederikshv;腓特烈港
freiburg;弗赖堡
freiburg_short;弗赖堡
fresno;弗雷斯诺
ftwilliam;威廉堡
furth;菲尔特
g_canyon_vlg;大峡谷村
galati;加拉茨
gallivare;耶利瓦勒
gallup;盖洛普
galway;戈尔韦
gardermoen;加勒穆恩
gavle;耶夫勒
gdansk;格但斯克
gdynia;格丁尼亚
gedser;盖瑟
geilo;耶卢
geisel;盖塞尔温德
geneve;日内瓦
genova;热那亚
georgia;格鲁吉亚
geta;耶塔
gizycko;吉日茨科
glasgow;格拉斯哥
gliwice;格利维采
godby;戈德比
golfech;格尔费什核电站
gorzow;戈茹夫
gorzow_short;戈茹夫
gostynin;戈斯蒂宁
goteborg;哥德堡
granada;格拉纳达
grand_canyon;科罗拉多大峡谷
grand_coulee;大古力
graz;格拉茨
grimsby;格里姆斯比
groedig;格洛迪
groningen;格罗宁根
grudziadz;格鲁琼兹
grumantbyen;格鲁曼特比恩
guadalajara;瓜达拉哈拉
gulbene;古尔贝内
gusev;古谢夫
gyor;杰尔
haapsalu;哈普萨卢
hadera;哈德拉
haifa;海法
hainburg;海恩堡
hainburg_short;海恩堡
halle;哈莉
halle_short;哈莉
halmstad;哈尔姆斯塔德
hamar;哈马尔
hamburg;汉堡
hameenlinna;海门林纳
hammerfest;哈默菲斯特
hannover;汉诺威
haparanda;哈帕兰达
haql;哈格勒
haugesund;海于格松
hawes;霍斯
heilbronn;海尔布隆
helsingborg;赫尔辛堡
helsinki;赫尔辛基
herning;海宁
herzliya;赫兹利亚
heysham;希舍姆
hiorthhamn;希特哈姆
hirtshals;希茨海尔斯
hobbs;霍布斯
hofn;赫本
hofn_short;赫本
holbrook;霍尔布鲁克
holmavik;侯尔马维克
holstebro;霍尔斯特布罗
holyhead;霍利黑德
honefoss;侯尼霍斯
honningsvag;霍宁斯沃格
hornbrook;霍恩布鲁克
hrkr;赫拉德茨-克拉洛韦
huesca;韦斯卡
hull;赫尔
hunedoara;胡内多阿拉
huron;休伦
iasi;雅西
igoumenitsa;伊古迈尼察
iisalmi;伊萨尔米
ijmuiden;艾默伊登
ilawa;伊拉华
ilomantsi;伊萝曼兹
ilowa;伊沃瓦
ilza;伊乌扎
innsbruck;因斯布鲁克
inverness;因弗内斯
ioannina;伊欧亚尼纳
irakleio;伊拉克利翁
iraq;伊拉克
irbid;伊尔比德
irun;伊伦
isafjordur;伊萨菲尔德
isleofman;马恩岛
ismailia;伊斯梅利亚
israel;以色列
istanbul;伊斯坦布尔
ivalo;伊瓦洛
ivanofrank;伊万诺-弗兰科夫斯克
ivanofrank_short;伊万诺-弗兰科夫斯克
izmir;伊兹密尔
izra;伊兹拉
jaca;哈卡
jackpot;杰克波特
janow;卢布林地区亚努夫
jekabpils;杰卡布皮尔斯
jericho;耶利哥
jersey;泽西岛
jerusalem;耶路撒冷
jihlava;伊赫拉瓦
joensuu;约恩苏
jokkmokk;约克莫克
jonkoping;延雪平
jonquera;拉洪克拉
jordan;约旦
jyvaskyla;于韦斯屈莱
kajaani;卡亚尼
kalamata;卡拉马塔
kaliningrad;加里宁格勒
kalix;卡利克斯
kalmar;卡尔马
kamianets;卡缅涅茨-波多利斯基
kamianets_short;卡缅涅茨-波多利斯基
kandalaksha;坎达拉克沙
kapellskar;卡珀尔谢尔
kardla;凯尔德拉
karesuando;卡雷苏安多
karlovo;卡尔洛沃
karlskrona;卡尔斯克鲁纳
karlsruhe;卡尔斯鲁厄
karlstad;卡尔斯塔德
karsamaki;凯尔赛迈基
kassel;卡塞尔
katowice;卡托维兹
kaunas;考纳斯
kavala;卡瓦拉
kayenta;凯恩塔
keflavik;凯夫拉维克（Keflavik）
kemi;凯米
kemijarvi;克密加维
kennewick;肯纳威克
kesan;凯尚
khmelnytskyi;赫梅利尼茨基
kiel;基尔
kielce;凯尔采
kilpisjarvi;基尔皮斯耶尔维
kingman;金曼
kirkenes;希尔科内斯
kirkwall;柯克沃尔
kiruna;基律纳
kittila;基蒂莱
klagenfurt;克拉根福
klaipeda;克莱佩达港
klaksvik;克拉克斯维克
klamath_f;克拉马斯瀑布
kobenhavn;哥本哈根
koblenz;科布伦茨
kokkola;科科拉
kolding;科灵
kolka;科尔卡
koln;科隆
komorniki;科莫尔尼基
konin;科宁
korce;科尔察
korosten;克罗斯腾
kosice;科希策
koszalin;科沙林
kotka;科特卡
kouvola;科沃拉
kovel;科韦利
kozloduy;科兹洛杜伊
krafla;卡拉夫拉
kragujevac;克拉古耶瓦茨
krakow;克拉科夫
kristiansand;克里斯蒂安桑
kristianstad;克里斯蒂安斯塔德
kristiansund;克里斯蒂安松
kristiinank;克里斯蒂娜城
krosno;克罗斯诺
kshmona;基里亚特什莫纳
kuhmo;库赫莫
kunda;昆达
kuopio;库奥皮奥
kuressaare;库雷萨雷
kuusamo;库萨莫
kyiv;基辅
lahti;拉赫蒂
lakeview;雷克威尔
lamia;拉米亚
lappeenranta;拉彭兰塔
larisa;拉里萨
larnaka;拉纳卡
larne;拉恩
larochelle;拉罗谢尔
las_cruces;拉斯克鲁塞斯
las_vegas;拉斯维加斯
laspezia;拉斯佩齐亚
latakia;拉塔基亚
laurent;圣劳伦斯
lebanon;黎巴嫩
lecco;莱科
lefkosia;尼科西亚
lehavre;勒阿弗尔
leipzig;莱比锡
lellinge;莱灵厄
lemans;勒芒
lemesos;利马索尔
leskovac;莱斯科瓦茨
liege;列日
lieksa;列克萨
liepaja;利耶帕亚
lile_rousse;利勒鲁斯
lille;里尔
lillehammer;利勒哈默尔
limerick;利默里克
limoges;利摩日
linkoping;林雪平
linz;林茨
lisboa;里斯本
lisburn;利斯本
liverpool;利物浦
livorno;里窝那
ljubljana;卢布尔雅那
ljugarn;于冈
lleida;莱里达
lodz;罗兹
logan;洛根
lomza;沃姆扎
london;伦敦
londonderry;伦敦德里
londonderry_short;伦敦德里
longview;郎维尤
longyearbyem;朗伊尔城
longyearbyen;朗伊尔城
lorient;洛里昂
los_angeles;洛杉矶
loviisa;洛维萨
lublin;卢布林
luga;卢加
lulea;吕勒奥
lutsk;卢茨克
luxembourg;卢森堡
lviv;利沃夫
lyon;里昂
maan;马安
madaba;米底巴
madrid;马德里
mafraq;马弗拉克
magdeburg;马格德堡
mainz;美因茨
malaga;马拉加
malmberget;马尔姆贝里耶
malmo;马尔默
manchester;曼彻斯特
mangalia;曼加利亚
mannheim;曼海姆
manresa;曼雷萨
maribor;马里博尔
mariehamn;玛丽港
marijampole;马里扬泊列
marseille;马赛
mazeikiai;马热伊基艾
medford;梅德福
messina;墨西拿
metz;梅斯
miedzyzdroje;梅蒂多杰
mikkeli;米凯利
milano;米兰
mitzpe;米茨佩拉蒙
mlada;姆拉达-博莱斯拉夫
mlada_short;姆拉达-博莱斯拉夫
moab;摩押
moerdijk;穆尔代克
moirana;摩城
moirana_short;摩城
molde;莫尔德
monaco_city;摩纳哥
montana;蒙塔纳
montdemarsan;蒙德马桑
montpellier;蒙彼利埃
mostar;莫斯塔尔
mragowo;姆龙戈沃
mukacheve;穆卡切沃
mulhouse;米卢斯
munchen;慕尼黑
murcia;穆尔西亚
murmansk;摩尔曼斯克
naantali;楠塔利
nabatieh;纳巴提耶
namsos;纳姆索斯
nantes;南特
napoli;那不勒斯
narbonne;纳博讷
narva;纳尔瓦
narvik;纳尔维克
nazareth;拿撒勒
netanya;内坦亚
newcastle;纽卡斯尔
newport;纽波特
nice;尼斯
nikel;尼克尔
nis;尼什
nogales;诺加利斯
novipazar;新帕扎尔
novisad;诺维萨德
novohradvol;诺沃拉德-沃林斯基
novohradvol_short;诺沃拉德-沃林斯基
novovolynsk;诺沃沃林斯克
nowogard;诺沃加德
nurmes;努尔梅斯
nurnberg;纽伦堡
nynashamn;尼奈斯港
oakdale;奥克戴尔
oakland;奥克兰
oban;奥本
oberhausen;奥伯豪森
obsteig;奥布斯泰格
odda;奥达
odense;欧登塞
odessa;敖德萨
ogden;奥格登
ogre;奥格雷
ohrid;奥赫里德
olafsvik;欧拉夫斯维克
olbia;奥尔比亚
olkiluoto;奥尔基卢奥托岛核电站
olomouc;奥洛穆茨
olsztyn;奥尔什丁
olszyna;奥尔希纳
olympia;奥林匹亚
omak;奥马克
ontario;安大略
opole;奥博蕾
oppdal;奥普达尔
oradea;奥拉迪亚
orebro;厄勒布鲁
orkanger;奥康厄尔
orleans;奥尔良
ornskoldsvik;恩舍尔兹维克
osijek;奥西耶克
oslo;奥斯陆
osnabruck;奥斯纳布吕克
ostersund;厄斯特松德
ostrava;俄斯特拉发
ostroda;奥斯特鲁达
ostroleka;奥斯特罗文卡
ostrowm;奥斯特鲁夫
ostrowm_short;奥斯特鲁夫
otta;乌塔
oulu;奥卢
oxnard;奥克斯纳德
padborg;帕兹堡
pafos;帕福斯
page;佩吉
pajarito_rest_area;帕哈里托休息区
paldiski;帕尔迪斯基
palermo;巴勒莫
paluel;帕卢埃尔核电站
pamplona;潘普洛纳
pancevo;潘切沃
panevezys;帕内韦日斯
paris;巴黎
parma;帕尔马
parnu;派尔努
patra;帕特雷
pau;波城
pecs;佩奇
pedro_travel_center;佩德罗旅游中心
pello;佩洛
pendleton;彭德尔顿
penzance;彭赞斯
pernik;佩尔尼克
perpignan;佩皮尼昂
perth;珀斯
pescara;佩斯卡拉
petersburg;圣彼得堡
phoenix;菲尼克斯
piatra;皮亚特拉尼亚姆茨
pila;皮瓦
pioche;皮奥奇
piotrkowt;彼得库夫
piotrkowt_short;彼得库夫
pirdop;皮尔多普
pitesti;皮特什蒂
pleven;普列文
ploce;普洛切
plock;普沃茨克
plovdiv;普罗夫迪夫
plymouth;普利茅斯
plzen;比尔森
podgorica;波德戈里察
poitiers;普瓦捷
pori;波里
port_angeles;安吉利斯港
porthmadog;波斯马多格
portland;波特兰
porto_vecchi;韦基奥港
portree;特里
portsaid;塞得港
portsmouth;朴茨茅斯
porvoo;波尔沃
poznan;波兹南
prague;布拉格
preveza;普雷韦扎
price;普赖斯
prilep;普里莱普
primm;普里姆
provo;普若佛
przemysl;普热梅希尔
pskov;普斯科夫
ptolemaida;普托莱迈达
pula;普拉
puttgarden;普特加登
radom;拉多姆
rakvere;拉克韦雷
ramallah;拉马拉
ramsey;拉姆西
raton;拉顿
razgrad;拉兹格勒
redding;雷丁
reims;兰斯
rennes;雷恩
reno;里诺
resita;雷希察
reutte;罗伊特
reydar;雷扎尔菲厄泽
reykjanes;雷恰内斯拜尔
reykjavik;雷克雅未克
rezekne;雷泽克内
riga;里加
rijeka;里耶卡
rimini;里米尼
rishon;里雄莱锡安
rivne;里夫尼
roadworks_a7;工地_A7
roadworks_a9;工地_A9
rodbyhavn;勒兹比港
roma;罗马
ronne;伦讷
roscoff;罗斯科夫
rostock;罗斯托克
roswell;罗斯威尔
rotterdam;鹿特丹
rovaniemi;罗瓦涅米
ruse;鲁塞
rutba;鲁巴
ruwaished;午微失德
rzeszow;热舒夫
saarbrucken;萨尔布吕肯
sacramento;萨克拉门托
sady;萨迪
safawi;萨法维
salamanca;萨拉曼卡
saldus;萨尔杜斯
salem;塞勒姆
salina;盐田
salt_lake;盐湖城
salzburg;萨尔茨堡
san_diego;圣地亚哥
san_francisc;旧金山
san_rafael;圣拉斐尔
san_simon;圣西蒙
sanfernando;圣费尔南多
sangerhausen;桑格豪森
sangiovanni;维拉圣焦万尼
sanok;萨诺克
santa_cruz;圣克鲁斯
santa_fe;圣菲
santa_maria;圣玛丽亚
santarem;圣塔伦
sarajevo;萨拉热窝
sassari;萨萨里
satumare;萨图马雷
saudiarabia;沙特阿拉伯
savonlinna;萨翁林纳
sayda;赛达
seattle;西雅图
selfoss;塞尔福斯
senj;塞尼
serres;塞雷
sevilla;塞维利亚
seydis;塞济斯菲厄泽
sheffield;谢菲尔德
shkoder;斯库台
show_low;肖洛
shumen;苏曼
siauliai;希奥利艾
sibenik;希贝尼克
sibenik2;希贝尼克
sibiu;锡比乌
siedlce;谢德尔采
sierra_vista;谢拉维斯塔
skelleftea;谢莱夫特奥
skopje;斯科普里
skovde;舍夫德
slbrod;斯拉沃尼亚布罗德
slbrod_short;斯拉沃尼亚布罗德
sligo;斯莱戈
sliven;斯利文
slupsk;斯武普斯克
socorro;索科罗
sodankyla;苏丹屈莱
soderhamn;瑟德港
sodertalje;南泰利耶
sofia;索非亚
sopot;索波特
soria;索里亚
sosnovy_bor;索斯诺维波尔
sosnowiec;索斯诺维茨
southampton;南安普敦
split;斯普利特
spokane;斯波坎
st_george;圣乔治
stargard;斯塔加德
stavanger;斯塔万格
sthelier;圣赫利尔
sthelier_short;圣赫利尔
stip;什蒂普
stockholm;斯德哥尔摩
stockton;斯托克顿
stornoway;斯托诺韦（Stornoway）
stpeterport;圣彼得港
stpeterport_short;圣彼得港
stranraer;斯特兰拉尔
strasbourg;斯特拉斯堡
stromness;斯特罗姆内斯
stryi;斯特瑞
strzelcekraj;斯切尔采-克拉延斯凯
strzelcekraj_short;斯切尔采-克拉延斯凯
stuttgart;斯图加特
stzagora;斯塔拉扎戈拉
subotica;苏博蒂察
suceava;苏恰瓦
suchylas;苏西拉斯
suez;苏伊士（Suez）
sundsvall;松兹瓦尔
suwalki;苏瓦乌基
suzzara;苏扎拉
svalbard;斯瓦尔巴群岛
svalsat_short;斯瓦尔巴东部卫星站
svalsateast;斯瓦尔巴东部卫星站
svalsatwest;斯瓦尔巴西部卫星站
svolvaer;斯沃尔韦尔
swansea;斯旺西
swinoujscie;斯维诺乌伊希切
syria;叙利亚
szczecin;什切青
szeged;塞格德
szombathely;松博特海伊
taba;塔巴
tacoma;塔科马
tallinn;塔林
tampere;坦佩雷
tanabru;塔纳布鲁
taranto;塔兰托
tarbert;塔伯特
targu_mures;特尔古穆列什
targujiu;特尔古日乌
targumures;特尔古穆列什
tartous;塔尔图斯
tartu;塔尔图
taurage;陶拉盖
tekirdag;泰基尔达
telaviv;特拉维夫
terni;特尔尼
ternopil;捷尔诺波尔
teruel;特鲁埃尔
the_dalles;达尔斯
thessaloniki;塞萨洛尼基
thurso;瑟索
tiberias;提比利亚
timisoara;蒂米什瓦拉
tirane;地拉那
tonopah;托诺帕
torino;都灵
tornio;托尔尼奥
torrevieja;托雷维耶哈
torshavn;托尔斯港
toulouse;图卢兹
tralee;特拉利
travemunde;特拉弗明德
trelleborg;特雷勒堡
trieste;的里雅斯特
trikala;特里卡拉
trinity;三一
tripoli;特里波利
tripolilb;塔拉布鲁斯
trnava;特尔纳瓦
tromso;特罗姆瑟
trondheim;特隆赫姆
truckee;特拉基
truckstop1;海沃斯莱乌
truckstop2;欧罗巴大桥
truckstope45;海沃斯莱乌
tucson;图森
tucumcari;图克姆卡里
tukums;图库姆斯
tulcea;图尔恰
turku;图尔库
tvoroyri;特瓦罗伊里
tyr;提尔
uelzen;于尔岑
uig;祖塔
ukiah;尤奇亚
ukmerge;乌克梅尔盖
ullapool;阿勒浦
ulm;乌尔姆
umea;于默奥
uppsala;乌普萨拉
utena;乌田纳
utsjoki;乌茨约基
uzhhorod;乌日霍罗德
vaasa;瓦萨
vaduz;瓦杜兹
valencia;瓦伦西亚
valga;巴尔加
valka;瓦尔卡
valladolid;巴利亚多利德
valmiera;瓦尔米耶拉
vancouver;温哥华
vantaa;万塔
varkaus;瓦尔考斯
varna;瓦尔纳
vasaros;瓦沙罗什瑙梅尼
vasarosnameny;瓦沙罗什瑙梅尼
vasteraas;韦斯特罗斯
vaxjo;韦克舍
veli_tarnovo;大特尔沃诺
venezia;威尼斯
ventspils;文茨皮尔斯
verkhnetulom;上图洛姆斯基
vernal;韦纳尔
verona;维罗纳
vestmann;韦斯特曼纳埃亚尔
viborg;维堡
vicenza;维琴察
vidin;维丁
viitasaari;维塔萨里
vik;维克
vik_short;维克
vilnius;维尔纽斯
vinaros;比纳罗斯
vinnytsia;文尼察
virovitica;维罗维蒂察
visby;维斯比
vitoria;维多利亚
vlore;发罗拉
vranje;弗拉涅
vtarnovo;大特尔诺沃
vyborg;维堡
walcz;瓦乌奇
warszawa;华沙
waterford;沃特福德
wenatchee;韦纳奇
westbank;巴勒斯坦
wexford;韦克斯福德
wick;威克
wien;维也纳
wiesbaden;威斯巴登
winnemucca;温尼马卡
wroclaw;弗罗茨瓦夫
wrzesnia;弗热希尼亚
yakima;亚基马
ystad;于斯塔德
yuma;尤马
zabrze;扎布热
zadar;扎达尔
zagreb;萨格勒布
zahle;扎赫勒
zakrzewo;祖塔
zamosc;扎莫希奇
zaragoza;萨拉戈萨
zarka;扎尔卡
zelenogradsk;泽列诺格拉茨克
zgierz;兹盖日
zgorzelec;兹戈热莱茨
zhytomyr;日托米尔
zrenjanin;兹雷尼亚宁
zurich;苏黎世
zuta;祖塔
zuta2;祖塔
zwolle;兹沃勒
