[Default]
a_coruna;A Coruña
aalborg;Aalborg
aarhus;Aarhus
aberdeen;Aberdeen
aberystwyth;Aberystwyth
ajaccio;Ajaccio
akranes;Akranes
akureyri;Akureyri
alajarvi;Alajärvi
alamogordo;Alamogordo
albacete;Albacete
alban;Saint-Alban-du-Rhône
albuquerque;Albuquerque
alexandroup;Alexandroupoli
algeciras;Algeciras
almaraz;Almaraz
almeria;Almería
amsterdam;Amsterdam
ancona;Ancona
andorra;Andorra la Vella
antwerp;Antwerp
arad;Arad
are;Åre
arnhem;Arnhem
artesia;Artesia
astoria;Astoria
augustow;Augustów
aurach;Aurach
bacau;Bacău
badajoz;Badajoz
bado;Bad Oeynhausen
bailen;Bailén
bakersfield;Bakersfield
balti;Bălţi
balvi;Balvi
barcelona;Barcelona
bari;Bari
barstow;Barstow
basel;Basel
bastia;Bastia
bayonne;Bayonne
beja;Beja
belda;Bełda
belfast;Belfast
bend;Bend
beograd;Belgrade
bergen;Bergen
berlin;Berlin
bern;Bern
bialystok;Białystok
bilbao;Bilbao
birmingham;Birmingham
birsay;Birsay
bitola;Bitola
blonduos;Blönduós
bobolice;Bobolice
bologna;Bologna
bolungarvik;Bolungarvík
bonifacio;Bonifacio
bonn;Bonn
bordeaux;Bordeaux
borgarnes;Borgarnes
bourges;Bourges
brasov;Brașov
bratislava;Bratislava
bremen;Bremen
bremerhaven;Bremerhaven
brest;Brest
brno;Brno
broadford;Broadford
brussel;Brussels
bucuresti;Bucureşti
budapest;Budapest
burg;Burg auf Fehmarn
burgas;Burgas
burgos;Burgos
burns;Burns
busko;Busko Zdrój
bydgoszcz;Bydgoszcz
bystrica;Banská Bystrica
cagliari;Cagliari
cairnryan;Cairnryan
calais;Calais
calarasi;Călărași
calvi;Calvi
cambridge;Cambridge
camp_verde;Camp Verde
canfranc;Canfranc-Estación
canterbury;Canterbury
cardiff;Cardiff
carlisle;Carlisle
carlsbad;Carlsbad
carlsbad_nm;Carlsbad (NM)
carson_city;Carson City
cassino;Cassino
catania;Catania
catanzaro;Catanzaro
cernavoda;Cernavodă
chelmsford;Chelmsford
chisinau;Chişinău
cieszyn;Cieszyn
ciudad_real;Ciudad Real
civaux;Civaux
clermont;Clermont-Ferrand
clifton;Clifton
clovis;Clovis
cluj;Cluj-Napoca
cluj_napoca;Cluj-Napoca
coimbra;Coimbra
constanta;Constanţa
coos_bay;Coos Bay
cordoba;Córdoba
corticadas;Cortiçadas de Lavre
craiova;Craiova
croydon;Croydon
czluchow;Człuchów
daugavpils;Daugavpils
debrecen;Debrecen
dijon;Dijon
dombas;Dombås
donostia;San Sebastián
dortmund;Dortmund
douglas;Douglas
dover;Dover
drammen;Drammen
dresden;Dresden
dublin;Dublin
duisburg;Duisburg
dumfries;Dumfries
dusseldorf;Düsseldorf
dziwnowek;Dziwnówek
edinburgh;Edinburgh
edirne;Edirne
ehrenberg;Ehrenberg
eindhoven;Eindhoven
el_centro;El Centro
el_ejido;El Ejido
elblag;Elbląg
elk;Ełk
elko;Elko
ely;Ely
erfurt;Erfurt
esbjerg;Esbjerg
eugene;Eugene
eureka;Eureka
evie;Evie
evora;Evora
farmington;Farmington
faro;Faro
felixstowe;Felixstowe
firenze;Firenze
fishguard;Fishguard
flagstaff;Flagstaff
flensburg;Flensburg
folkestone;Folkestone
forst;Forst
frankfurt;Frankfurt am Main
fraserburgh;Fraserburgh
frederikshv;Frederikshavn
fresno;Fresno
ftwilliam;Fort William
furth;Fürth
g_canyon_vlg;Grand Canyon Village
galati;Galați
gallup;Gallup
galway;Galway
gavle;Gävle
gdansk;Gdańsk
gdynia;Gdynia
gedser;Gedser
geisel;Geiselwind
geneve;Genève
genova;Genova
gijon;Gijón
glasgow;Glasgow
golfech;Golfech
gorzow;Geiselwind
goteborg;Göteborg
granada;Granada
graz;Graz
grimsby;Grimsby
groedig;Grödig
groningen;Groningen
grudziadz;Grudziądz
grumantbyen;Grumantbyen
guarda;Guarda
gusev;Gusev
gyor;Győr
hainburg;Hainburg an der Donau
halle;Halle
hamar;Hamar
hamburg;Hamburg
hammerfest;Hammerfest
hannover;Hannover
haparanda;Haparanda
hawes;Hawes
heilbronn;Heilbronn
helsingborg;Helsingborg
helsinki;Helsinki
herning;Herning
hilt;Hilt
hiorthhamn;Hiorthhamn
hirtshals;Hirtshals
hobbs;Hobbs
hofn;Höfn í Hornafirði
holbrook;Holbrook
holmavik;Hólmavík
holstebro;Holstebro
holyhead;Holyhead
honningsvag;Honningsvåg
hornbrook;Hornbrook
huelva;Huelva
huesca;Huesca
hull;Hull
hunedoara;Hunedoara
huron;Huron
iasi;Iași
ilowa;Iłowa
ilza;Iłża
innsbruck;Innsbruck
inverness;Inverness
ioannina;Ioannina
irun;Irun
isafjordur;Ísafjörður
istanbul;İstanbul
ivalo;Ivalo
jaca;Jaca
jackpot;Jackpot
jekabpils;Jēkabpils
joensuu;Joensuu
jonkoping;Jönköping
jonquera;La Jonquera
jyvaskyla;Jyväskylä
kaliningrad;Kaliningrad
kalix;Kalix
kalmar;Kalmar
kandalaksha;Kandalaksha
kapellskar;Kapellskär
karlovo;Karlovo
karlskrona;Karlskrona
karlstad;Karlstad
karsamaki;Kärsämäki
kassel;Kassel
katowice;Katowice
kaunas;Kaunas
kavala;Kavala
kayenta;Kayenta
keflavik;Keflavík
kemi;Kemi
kemijarvi;Kemijärvi
kiel;Kiel
kielce;Kielce
kingman;Kingman
kirkenes;Kirkenes
kirkwall;Kirkwall
kittila;Kittilä
klagenfurt;Klagenfurt am Wörthersee
klaipeda;Klaipėda
klaksvik;Klaksvík
klamath_f;Klamath Falls
kobenhavn;København
koblenz;Koblenz
kokkola;Kokkola
kolding;Kolding
kolka;Kolka
koln;Köln
kosice;Košice
koszalin;Koszalin
kotka;Kotka
kouvola;Kouvola
kozloduy;Kozloduy
krafla;Krafla
kragujevac;Kragujevac
krakow;Kraków
kristiansand;Kristiansand
kristianstad;Kristianstad
kristiinank;Kristiinankaupunki
krosno;Krosno
kunda;Kunda
kuopio;Kuopio
lacq;Lacq
lahti;Lahti
lakeview;Lakeview
larnaka;Larnaka
larne;Larne
larochelle;La Rochelle
las_cruces;Las Cruces
las_vegas;Las Vegas
laurent;Saint-Laurent
lefkosia;Nicosia
lehavre;Le Havre
leipzig;Leipzig
lellinge;Lellinge
lemans;Le Mans
lemesos;Lemesos
leon;León
leskovac;Leskovac
liege;Liège
liepaja;Liepāja
lile_rousse;L'Île-Rousse
lille;Lille
lillehammer;Lillehammer
limerick;Limerick
limoges;Limoges
linkoping;Linköping
linz;Linz
lisboa;Lisbon
lisburn;Lisburn
liverpool;Liverpool
livorno;Livorno
ljubljana;Ljubljana
ljugarn;Ljugarn
lleida;Lleida
lodz;Łódź
london;London
londonderry;Londonderry
longyearbyem;Longyearbyen
longyearbyen;Longyearbyen
los_angeles;Los Angeles
loviisa;Loviisa
lublin;Lublin
luga;Luga
luxembourg;Luxembourg
lyon;Lyon
madrid;Madrid
magdeburg;Magdeburg
mainz;Mainz
malaga;Málaga
malmo;Malmö
manchester;Manchester
mangalia;Mangalia
mannheim;Mannheim
manresa;Manresa
maribor;Maribor
mariehamn;Mariehamn
marseille;Marseille
mazeikiai;Mažeikiai
medford;Medford
mengibar;Mengíbar
messina;Messina
metz;Metz
miedzyzdroje;Międzyzdroje
mikkeli;Mikkeli
milano;Milano
mlada;Mladá Boleslav
moerdijk;Moerdijk
montana;Montana
montpellier;Montpellier
mragowo;Mrągowo
mukacheve;Mukachevo
munchen;München
murcia;Murcia
murmansk;Murmansk
naantali;Naantali
nantes;Nantes
napoli;Napoli
narbonne;Narbonne
narva;Narva
navia;Navia
newcastle;Newcastle-upon-Tyne
newport;Newport
nice;Nice
nikel;Nikel
nis;Niš
nogales;Nogales
novisad;Novi Sad
nowogard;Nowogard
nurnberg;Nürnberg
nynashamn;Nynäshamn
o_barco;O Barco
oakdale;Oakdale
oakland;Oakland
oban;Oban
oberhausen;Oberhausen
obsteig;Obsteig
odense;Odense
ohrid;Ohrid
olbia;Olbia
olhao;Olhão
olkiluoto;Olkiluoto
olomouc;Olomouc
olsztyn;Olsztyn
olszyna;Olszyna
ontario;Ontario
opole;Opole
oppdal;Oppdal
oradea;Oradea
orebro;Örebro
orkanger;Orkanger
orleans;Orléans
ornskoldsvik;Örnsköldsvik
osijek;Osijek
oslo;Oslo
osnabruck;Osnabrück
ostersund;Östersund
ostrava;Ostrava
ostroleka;Ostrołęka
ostrowm;Ostrołęka
otta;Otta
oulu;Oulu
oxnard;Oxnard
padborg;Padborg
pafos;Pafos
page;Page
paldiski;Paldiski
palermo;Palermo
paluel;Paluel
pamplona;Pamplona
panevezys;Panevėžys
paris;Paris
parma;Parma
parnu;Pärnu
pau;Pau
pecs;Pécs
pendleton;Pendleton
pernik;Pernik
perpignan;Perpignan
perth;Perth
pescara;Pescara
petersburg;Saint Petersburg
phoenix;Phoenix
piatra;Perth
pila;Piła
pioche;Pioche
pirdop;Pirdop
pitesti;Pitești
pleven;Pleven
ploce;Ploče
plock;Płock
plovdiv;Plovdiv
plymouth;Plymouth
ponte_de_sor;Ponte de Sor
pori;Pori
port_sagunt;Port de Sagunt
porthmadog;Porthmadog
portland;Portland
porto;Porto
porto_vecchi;Porto-Vecchio
portree;Portree
portsmouth;Portsmouth
poznan;Poznań
prague;Praha
prilep;Prilep
primm;Primm
przemysl;Przemyśl
pskov;Pskov
ptolemaida;Ptolemaida
puertollano;Puertollano
radom;Radom
ramsey;Ramsey
raton;Raton
redding;Redding
reims;Reims
rennes;Rennes
reno;Reno
resita;Reșița
reutte;Reutte
reydar;Reyðarfjörður
reykjavik;Reykjavík
rezekne;Rēzekne
riga;Rīga
rijeka;Rijeka
roadworks_a7;A7 Roadworks
roma;Roma
ronne;Rønne
roscoff;Roscoff
rostock;Rostock
roswell;Roswell
rotterdam;Rotterdam
rovaniemi;Rovaniemi
ruse;Ruse
rzeszow;Rzeszów
sacramento;Sacramento
salamanca;Salamanca
salem;Salem
salzburg;Salzburg
san_diego;San Diego
san_francisc;San Francisco
san_rafael;San Rafael
san_simon;San Simon
sangerhausen;Sangerhausen
sangiovanni;Villa San Giovanni
sanok;Sanok
santa_cruz;Santa Cruz
santa_fe;Santa Fe
santa_maria;Santa Maria
santander;Santander
sassari;Sassari
selfoss;Selfoss
senj;Senj
setubal;Setúbal
sevilla;Seville
seydis;Seyðisfjörður
sheffield;Sheffield
show_low;Show Low
siauliai;Šiauliai
sibenik2;Šibenik
sibenik;Šibenik
sibiu;Sibiu
siedlce;Siedlce
sierra_vista;Sierra Vista
sines;Sines
skelleftea;Skellefteå
skopje;Skopje
slbrod;Skopje
sligo;Sligo
socorro;Socorro
sodankyla;Sodankylä
soderhamn;Söderhamn
sodertalje;Södertälje
sofia;Sofia
soria;Soria
sosnovy_bor;Sosnovy Bor
southampton;Southampton
split;Split
stargard;Stargard
stavanger;Stavanger
sthelier;Saint Helier
stockholm;Stockholm
stockton;Stockton
stornoway;Stornoway
stranraer;Stranraer
strasbourg;Strasbourg
strzelcekraj;Strzelce Krajeńskie
stuttgart;Stuttgart
subotica;Subotica
sundsvall;Sundsvall
suwalki;Suwałki
suzzara;Suzzara
svalsateast;Svalbard Eastern Satellite station
svalsatwest;Svalbard Eastern Satellite station
swansea;Swansea
swinoujscie;Świnoujście
szczecin;Szczecin
szeged;Szeged
tallinn;Tallinn
tampere;Tampere
tanabru;Tana Bru
taranto;Taranto
targu_mures;Târgu Mureș
tarragona;Tarragona
tartu;Tartu
tekirdag;Tekirdağ
terni;Terni
teruel;Teruel
the_dalles;The Dalles
thessaloniki;Thessaloniki
thurso;Thurso
timisoara;Timişoara
tonopah;Tonopah
torino;Torino
tornio;Tornio
torshavn;Tórshavn
toulouse;Toulouse
travemunde;Travemünde
trelleborg;Trelleborg
trieste;Trieste
trinity;Trinity
trnava;Trnava
trondheim;Trondheim
truckee;Truckee
truckstope45;Haverslev
tucson;Tucson
tucumcari;Tucumcari
turku;Turku
uelzen;Uelzen
ukiah;Ukiah
ukmerge;Ukmergė
ullapool;Ullapool
ulm;Ulm
umea;Umeå
uppsala;Uppsala
utena;Utena
utsjoki;Utsjoki
uzhhorod;Uzhhorod
vaasa;Vaasa
vaduz;Vaduz
valencia;Valencia
valladolid;Valladolid
valmiera;Valmiera
vandellos;Vandellòs
vantaa;Vantaa
varkaus;Varkaus
varna;Varna
vasaros;Vásárosnamény
vasteraas;Västerås
vaxjo;Växjö
veli_tarnovo;Veliko Tarnovo
venezia;Venezia
ventspils;Ventspils
verkhnetulom;Verkhnetulomsky
verona;Verona
vestmann;Vestmannaeyjar
viborg;Viborg
vidin;Vidin
vigo;Vigo
viitasaari;Viitasaari
vik;Vík í Mýrdal
villarreal;Villarreal
vilnius;Vilnius
vinaros;Vinaròs
visby;Visby
vranje;Vranje
vyborg;Vyborg
walcz;Wałcz
warszawa;Warszawa
werlte;Werlte
wexford;Wexford
wick;Wick
wien;Wien
wiesbaden;Wiesbaden
winnemucca;Winnemucca
wroclaw;Wrocław
ystad;Ystad
yuma;Yuma
zadar;Zadar
zagreb;Zagreb
zamosc;Zamość
zaragoza;Zaragoza
zgierz;Zgierz
zgorzelec;Zgorzelec
zrenjanin;Zrenjanin
zurich;Zürich
zuta2;Žuta Lokva
zuta;Žuta Lokva
zwolle;Zwolle