[en-US]
aberdeen;Aberdeen
amsterdam;Amsterdam
berlin;Berlin
bern;Bern
birmingham;Birmingham
bratislava;Bratislava
bremen;Bremen
brno;Brno
brussel;Brussels
calais;Calais
cambridge;Cambridge
cardiff;Cardiff
carlisle;Carlisle
dijon;Dijon
dortmund;Dortmund
dover;Dover
dresden;Dresden
duisburg;Duisburg
dusseldorf;Düsseldorf
edinburgh;Edinburgh
erfurt;Erfurt
felixstowe;Felixstowe
frankfurt;Frankfurt am Main
geneve;Geneva
glasgow;Glasgow
graz;Graz
grimsby;Grimsby
groningen;Groningen
hamburg;Hamburg
hannover;Hanover
innsbruck;Innsbruck
kassel;Kassel
kiel;Kiel
klagenfurt;Klagenfurt am Wörthersee
koln;Cologne
leipzig;Leipzig
liege;Liège
lille;Lille
linz;Linz
liverpool;Liverpool
london;London
luxembourg;Luxembourg
lyon;Lyon
magdeburg;Magdeburg
manchester;Manchester
mannheim;Mannheim
metz;Metz
milano;Milan
munchen;Munich
newcastle;Newcastle upon Tyne
nurnberg;Nuremberg
osnabruck;Osnabrück
paris;Paris
plymouth;Plymouth
poznan;Poznań
prague;Prague
reims;Reims
rostock;Rostock
rotterdam;Rotterdam
salzburg;Salzburg
sheffield;Sheffield
southampton;Southampton
strasbourg;Strasbourg
stuttgart;Stuttgart
swansea;Swansea
szczecin;Szczecin
torino;Turin
travemunde;Travemünde
venezia;Venice
verona;Verona
wien;Vienna
wroclaw;Wrocław
zurich;Zürich
bialystok;Białystok
budapest;Budapest
bystrica;Banská Bystrica
debrecen;Debrecen
gdansk;Gdańsk
katowice;Katowice
kosice;Košice
krakow;Kraków
lodz;Łódź
lublin;Lublin
olsztyn;Olsztyn
ostrava;Ostrava
pecs;Pécs
szeged;Szeged
warszawa;Warsaw
aalborg;Aalborg
bergen;Bergen
esbjerg;Esbjerg
frederikshv;Frederikshavn
gedser;Gedser
goteborg;Gothenburg
helsingborg;Helsingborg
hirtshals;Hirtshals
jonkoping;Jönköping
kalmar;Kalmar
kapellskar;Kapellskär
karlskrona;Karlskrona
kobenhavn;Copenhagen
kristiansand;Kristiansand
linkoping;Linköping
malmo;Malmö
nynashamn;Nynäshamn
odense;Odense
orebro;Örebro
oslo;Oslo
sodertalje;Södertälje
stavanger;Stavanger
stockholm;Stockholm
trelleborg;Trelleborg
uppsala;Uppsala
vasteraas;Västerås
vaxjo;Växjö
alban;Saint-Alban-du-Rhône
bordeaux;Bordeaux
bourges;Bourges
brest;Brest
civaux;Civaux
clermont;Clermont-Ferrand
golfech;Golfech
larochelle;La Rochelle
laurent;Saint-Laurent
lehavre;Le Havre
lemans;Le Mans
limoges;Limoges
marseille;Marseille
montpellier;Montpellier
nantes;Nantes
nice;Nice
paluel;Paluel
rennes;Rennes
roscoff;Roscoff
toulouse;Toulouse
ancona;Ancona
bari;Bari
bologna;Bologna
cagliari;Cagliari
cassino;Cassino
catania;Catania
catanzaro;Catanzaro
firenze;Florence
genova;Genoa
livorno;Livorno
messina;Messina
napoli;Naples
olbia;Olbia
palermo;Palermo
parma;Parma
pescara;Pescara
roma;Rome
sassari;Sassari
suzzara;Suzzara
taranto;Taranto
terni;Terni
daugavpils;Daugavpils
helsinki;Helsinki
kaliningrad;Kaliningrad
kaunas;Kaunas
klaipeda;Klaipėda
kotka;Kotka
kouvola;Kouvola
kunda;Kunda
lahti;Lahti
liepaja;Liepāja
loviisa;Loviisa
luga;Luga
mazeikiai;Mažeikiai
naantali;Naantali
narva;Narva
olkiluoto;Olkiluoto
paldiski;Paldiski
panevezys;Panevėžys
parnu;Pärnu
petersburg;Saint Petersburg
pori;Pori
pskov;Pskov
rezekne;Rēzekne
riga;Riga
siauliai;Šiauliai
sosnovy_bor;Sosnovy Bor
tallinn;Tallinn
tampere;Tampere
tartu;Tartu
turku;Turku
utena;Utena
valmiera;Valmiera
ventspils;Ventspils
vilnius;Vilnius
vyborg;Vyborg
