a_coruna;spain
aalborg;denmark
aarhus;denmark
aberdeen;uk
aberdeen_wa;washington
aberystwyth;uk
afula;israel
ajaccio;france
akko;israel
akranes;iceland
akureyri;iceland
alajarvi;finland
alakurtti;russia
alamogordo;new_mexico
albacete;spain
alban;france
albuquerque;new_mexico
alexandroup;greece
algeciras;spain
almaraz;spain
almeria;spain
amman;jordan
amsterdam;netherlands
ancona;italy
andorra;andorra
angers;france
antwerp;belgium
aqaba;jordan
arad;romania
are;sweden
arhus;denmark
arnhem;netherlands
artesia;new_mexico
arxangelsk;russia
ashdod;israel
ashkelon;israel
astoria;oregon
augustow;poland
aurach;germany
babruysk;belarus
bacau;romania
badajoz;spain
bado;germany
baiamare;romania
bailen;spain
bakersfield;california
balti;moldova
balvi;latvia
banjaluka;bosnia
baranovichi;belarus
barcelona;spain
bari;italy
barstow;california
basel;switzerland
bastia;france
bayonne;france
bbiala;poland
beersheva;israel
beirut;lebanon
beja;portugal
belda;poland
belfast;uk
bellingham;washington
bend;oregon
beograd;serbia
bergen;norway
berlin;germany
bern;switzerland
betshean;israel
bialystok;poland
biatorbagy;hungary
bicske;hungary
bilbao;spain
birmingham;uk
birsay;uk
bitola;macedonia
blagoevgrad;bulgaria
blonduos;iceland
bobolice;poland
bodajk;hungary
bologna;italy
bolungarvik;iceland
bonifacio;france
bonn;germany
bordeaux;france
borgarnes;iceland
borisoglebsk;russia
bourges;france
brasov;romania
bratislava;slovakia
brect;belarus
bremen;germany
bremerhaven;germany
brest;france
brno;czech
broadford;uk
brussel;belgium
bryansk;russia
bucuresti;romania
budapest;hungary
burg;germany
burgas;bulgaria
burgos;spain
burns;oregon
busko;poland
byblos;lebanon
bydgoszcz;poland
bystrica;slovakia
caen;france
cagliari;italy
cairnryan;uk
calais;france
calarasi;romania
calvi;france
cambridge;uk
camp_verde;arizona
canfranc;spain
canterbury;uk
cardiff;uk
carlisle;uk
carlsbad;california
carlsbad_nm;new_mexico
carson_city;nevada
cassino;italy
catania;italy
catanzaro;italy
cedar_city;utah
cegled;hungary
cernavoda;romania
chelmsford;uk
chernyakh;russia
chisinau;moldova
cieszyn;poland
ciudad_real;spain
civaux;france
clermont;france
clifton;arizona
clovis;new_mexico
cluj;romania
cluj_napoca;romania
coimbra;portugal
colville;washington
constanta;romania
coos_bay;oregon
cordoba;spain
corticadas;portugal
craiova;romania
croydon;uk
czluchow;poland
damascus;syria
damietta;egypt
daugavpils;latvia
debrecen;hungary
deraa;syria
dijon;france
dimona;israel
doboj;bosnia
dombas;norway
donostia;spain
dortmund;germany
douglas;iom
dover;uk
drammen;norway
dresden;germany
dublin;ireland
duisburg;germany
dumfries;uk
dusseldorf;germany
dziwnowek;poland
edinburgh;uk
edirne;turkey
ehrenberg;arizona
eilat;israel
eindhoven;netherlands
eingedi;israel
el_centro;california
el_ejido;spain
elarish;egypt
elblag;poland
elk;poland
elko;nevada
ely;nevada
engels;russia
erfurt;germany
esbjerg;denmark
eugene;oregon
eureka;california
europabr;austria
everett;washington
evie;uk
evora;portugal
farmington;new_mexico
faro;portugal
felixstowe;uk
firenze;italy
fishguard;uk
fjardabyggd;iceland
flagstaff;arizona
flensburg;germany
folkestone;uk
forst;germany
frankfurt;germany
fraserburgh;uk
frederikshv;denmark
fresno;california
ftwilliam;uk
furth;germany
g_canyon_vlg;arizona
galati;romania
gallup;new_mexico
galway;ireland
gardermoen;norway
gavle;sweden
gdansk;poland
gdynia;poland
gedser;denmark
geilo;norway
geisel;germany
geneve;switzerland
genova;italy
gijon;spain
gizycko;poland
glasgow;uk
golfech;france
gomel;belarus
gorzow;poland
goteborg;sweden
granada;spain
grand_coulee;washington
graz;austria
grimsby;uk
groedig;austria
groningen;netherlands
grudziadz;poland
grumantbyen;svalbard
guarda;portugal
gulbene;latvia
gusev;russia
gyor;hungary
haapsalu;finland
hadera;israel
haifa;israel
hainburg;austria
halle;germany
hamar;norway
hamburg;germany
hameenlinna;finland
hammerfest;norway
hannover;germany
haparanda;sweden
haql;saudia
havre;france
hawes;uk
heilbronn;germany
helsingborg;sweden
helsinki;finland
herning;denmark
herzliya;israel
hiorthhamn;norway
hirtshals;denmark
hobbs;new_mexico
hofn;iceland
holbrook;arizona
holmavik;iceland
holstebro;denmark
holyhead;uk
honefoss;norway
honningsvag;norway
hornbrook;california
huelva;spain
huesca;spain
hull;uk
hunedoara;romania
huron;california
iasi;romania
ilawa;poland
ilowa;poland
ilza;poland
innsbruck;austria
inverness;uk
ioannina;greece
irbid;jordan
irun;spain
isafjordur;iceland
istanbul;turkey
ivalo;finland
izra;syria
jaca;spain
jackpot;nevada
janow;poland
jaworznia;poland
jekabpils;latvia
jericho;westbank
jerusalem;israel
jihlava;czech
joensuu;finland
jonkoping;sweden
jonquera;spain
jyvaskyla;finland
kaliningrad;russia
kalix;sweden
kalmar;sweden
kaluga;russia
kandalaksha;russia
kapellskar;sweden
kardla;estonia
karlovo;bulgaria
karlskrona;sweden
karlstad;sweden
karsamaki;finland
kassel;germany
katowice;poland
kaunas;lithuania
kavala;greece
kayenta;arizona
keflavik;iceland
kemi;finland
kemijarvi;finland
kennewick;washington
kholm;russia
kiel;germany
kielce;poland
kingman;arizona
kirkenes;norway
kirkwall;uk
kirov;russia
kittila;finland
klagenfurt;austria
klaipeda;lithuania
klaksvik;faroe
klamath_f;oregon
klin;russia
kobenhavn;denmark
koblenz;germany
kokkola;finland
kolding;denmark
kolka;latvia
koln;germany
kolomna;russia
kosice;slovakia
koszalin;poland
kotala;finland
kotka;finland
kotlas;russia
kouvola;finland
kovrov;russia
kozloduy;bulgaria
krafla;iceland
kragujevac;serbia
krakow;poland
krasnbog;russia
krasnoslob;russia
kristiansand;norway
kristianstad;sweden
kristiinank;finland
krosno;poland
kshmona;israel
kunda;estonia
kuopio;finland
kuressaare;estonia
kursk;russia
labatlan;hungary
lacq;france
lahti;finland
lakeview;oregon
larnaka;cyprus
larne;uk
larochelle;france
las_cruces;new_mexico
las_vegas;nevada
laurent;france
leba;poland
lebork;poland
lefkosia;cyprus
legnica;poland
lehavre;france
leipzig;germany
lellinge;denmark
lemans;france
lemesos;cyprus
leon;spain
leskovac;serbia
liege;belgium
liepaja;latvia
lile_rousse;france
lille;france
lillehammer;norway
limerick;ireland
limoges;france
linkoping;sweden
linz;austria
lisboa;portugal
lisburn;uk
liverpool;uk
livorno;italy
ljubljana;slovenia
ljugarn;sweden
lleida;spain
lodz;poland
logan;utah
lomza;poland
london;uk
londonderry;uk
longview;washington
longyearbyem;svalbard
longyearbyen;norway
lorient;france
los_angeles;california
louhi;finland
lovasbereny;hungary
loviisa;finland
lubim;bulgaria
lublin;poland
luga;russia
luki;russia
luxembourg;luxembourg
lyon;france
madaba;jordan
madrid;spain
mafraq;jordan
magdeburg;germany
mainz;germany
malaga;spain
malmo;sweden
manchester;uk
mangalia;romania
mannheim;germany
manresa;spain
mans;france
maribor;slovenia
mariehamn;aland
marseille;france
mazeikiai;lithuania
medford;oregon
mengibar;spain
messina;italy
metz;france
miedzyzdroje;poland
mikkeli;finland
mikolajki;poland
milano;italy
minsk;belarus
mirni;russia
mitzpe;israel
mlada;czech
moab;utah
modena;italy
moerdijk;netherlands
mogilev;belarus
monor;hungary
montana;bulgaria
montpellier;france
moroz;russia
moscow;russia
moskushamn;russia
mozir;belarus
mragowo;poland
mstislavl;belarus
mukacheve;ukraine
munchen;germany
muravlenko;russia
murcia;spain
murmansk;russia
naantali;finland
nabatieh;lebanon
nahodka;russia
nantes;france
napapiiri;finland
napoli;italy
narbonne;france
narva;estonia
navia;spain
nazareth;israel
netanya;israel
nevel;russia
newcastle;uk
newport;oregon
nice;france
nikel;russia
nis;serbia
nogales;arizona
novgorod;russia
novisad;serbia
novomesto;russia
novomoskovsk;russia
nowaj_ladoga;russia
nowajgorod;russia
nowogard;poland
nurnberg;germany
nynashamn;sweden
nyujfalu;romania
o_barco;spain
oakdale;california
oakland;california
oban;uk
oberhausen;germany
obninsk;russia
obsteig;austria
ocsa;hungary
odda;norway
odense;denmark
ogden;utah
ogre;estonia
ohrid;macedonia
olbia;italy
olhao;portugal
olkiluoto;finland
olomouc;czech
olsztyn;poland
olszyna;poland
olympia;washington
omak;washington
ontario;oregon
opatow;poland
opole;poland
oppdal;norway
oradea;romania
orebro;sweden
orel;russia
orkanger;norway
orkeny;hungary
orleans;france
ornskoldsvik;sweden
orsha;belarus
osijek;croatia
oslo;norway
osnabruck;germany
ostashkov;russia
ostersund;sweden
ostrava;czech
ostroda;poland
ostroleka;poland
ostrowm;poland
otta;norway
oulu;finland
oxnard;california
padborg;denmark
pafos;cyprus
page;arizona
paldiski;estonia
palermo;italy
paluel;france
pamplona;spain
pancevo;serbia
panevezys;lithuania
paris;france
parma;italy
parnu;estonia
pau;france
pecs;hungary
pendleton;oregon
pernik;bulgaria
perpignan;france
perth;uk
pescara;italy
pestovo;russia
peterburg;russia
petersburg;russia
phoenix;arizona
piatra;romania
pila;poland
pilis;hungary
pinsk;belarus
pioche;nevada
pirdop;bulgaria
pitesti;romania
pleseck;russia
pleven;bulgaria
ploce;croatia
plock;poland
plovdiv;bulgaria
plymouth;uk
poitiers;france
polgardi;hungary
ponte_de_sor;portugal
pori;finland
porkhov;russia
port_angeles;washington
port_sagunt;spain
porthmadog;uk
portland;oregon
porto;portugal
porto_vecchi;france
portree;uk
portsaid;egypt
portsmouth;uk
porvoo;finland
poznan;poland
prague;czech
price;utah
prilep;macedonia
primm;nevada
provo;utah
przemysl;poland
pskov;russia
ptolemaida;greece
puertollano;spain
radom;poland
rakvere;estonia
ramallah;westbank
ramsey;iom
raton;new_mexico
reda;poland
redding;california
reims;france
renne;france
rennes;france
reno;nevada
resita;romania
reutte;austria
reydar;iceland
reykjavik;iceland
rezekne;latvia
rgev;russia
riga;latvia
rijeka;croatia
rishon;israel
roadworks_a7;germany
roadworks_a9;poland
roma;italy
ronne;denmark
roscoff;france
roslavl;russia
rostock;germany
roswell;new_mexico
rotterdam;netherlands
rouen;france
rovaniemi;finland
rumia;poland
ruse;bulgaria
rusinowo;poland
rutba;iraq
ruwaished;jordan
rzeszow;poland
saare;estonia
sacramento;california
safawi;jordan
salamanca;spain
saldus;latvia
salehard;russia
salem;oregon
salina;utah
salt_lake;utah
salzburg;austria
san_diego;california
san_francisc;california
san_rafael;california
san_simon;arizona
sangerhausen;germany
sangiovanni;italy
sanok;poland
santa_cruz;california
santa_fe;new_mexico
santa_maria;california
santander;spain
saratov;russia
sarbogard;hungary
sassari;italy
satumare;romania
sayda;lebanon
seattle;washington
selfoss;iceland
senj;croatia
serres;greece
setubal;portugal
sevilla;spain
seydis;iceland
sheffield;uk
shlisselburg;russia
show_low;arizona
siauliai;lithuania
sibenik2;croatia
sibenik;croatia
sibiu;romania
siedlce;poland
sierra_vista;arizona
sines;portugal
skelleftea;sweden
skopje;macedonia
slbrod;croatia
sligo;ireland
sluck;belarus
smolensk;russia
socorro;new_mexico
sodankyla;finland
soderhamn;sweden
sodertalje;sweden
sofia;bulgaria
solt;hungary
sopot;poland
soria;spain
sosnovy_bor;russia
southampton;uk
split;croatia
spokane;washington
st_george;utah
stargard;poland
stavanger;norway
sthelier;jersey
stip;macedonia
stockholm;sweden
stockton;california
stornoway;uk
stranraer;uk
strasbourg;france
strzelcekraj;poland
stuttgart;germany
subotica;serbia
sundsvall;sweden
surgut;russia
suwalki;poland
suzzara;italy
svalsateast;svalbard
svalsatwest;svalbard
swansea;uk
swinoujscie;poland
szczecin;poland
szczecinek;poland
szeged;hungary
taba;egypt
tacoma;washington
tallinn;estonia
tambov;russia
tampere;finland
tanabru;norway
taranto;italy
targu_mures;romania
tarragona;spain
tartu;estonia
tata;hungary
taurage;lithuania
tekirdag;turkey
telaviv;israel
terendk18;poland
terni;italy
teruel;spain
the_dalles;oregon
thessaloniki;greece
thurso;uk
tiberias;israel
timisoara;romania
tobolsk;russia
tonopah;nevada
torino;italy
tornio;finland
torokbalint;hungary
torshavn;faroe
tosno;russia
toulouse;france
tours;france
travemunde;germany
trelleborg;sweden
trieste;italy
trinity;jersey
tripolilb;lebanon
trnava;slovakia
trondheim;norway
truckee;california
truckstope45;denmark
tucson;arizona
tucumcari;new_mexico
tukums;latvia
tula;russia
turku;finland
tver;russia
tyr;lebanon
udine;italy
uelzen;germany
ugorsk;ukraine
ukiah;california
ukmerge;lithuania
ullapool;uk
ullo;hungary
ulm;germany
umea;sweden
uppsala;sweden
utena;lithuania
utsjoki;finland
uzhhorod;ukraine
vaasa;finland
vaduz;liecht
valday;russia
valencia;spain
valga;estonia
valka;latvia
valladolid;spain
valmiera;latvia
vancouver;washington
vandellos;spain
vantaa;finland
varkaus;finland
varna;bulgaria
vasaros;hungary
vasteraas;sweden
vaxjo;sweden
velence;hungary
veli_tarnovo;bulgaria
velig;russia
venezia;italy
ventspils;latvia
verkhnetulom;russia
vernal;utah
verona;italy
vestmann;iceland
viborg;denmark
vicenza;italy
vidin;bulgaria
vigo;spain
viitasaari;finland
vik;iceland
villarreal;spain
vilnius;lithuania
vinaros;spain
virovitica;croatia
visby;sweden
visegrad;hungary
vitebsk;belarus
volgograd;russia
volochyok;russia
vologda;russia
volokolamsk;russia
volzhskiy;russia
voronezh;russia
vranje;serbia
vuktil;russia
vyazma;russia
vyborg;russia
walcz;poland
warszawa;poland
wejherowo;poland
wenatchee;washington
wexford;ireland
wick;uk
wien;austria
wiesbaden;germany
winnemucca;nevada
wroclaw;poland
yakima;washington
ystad;sweden
yukhnov;russia
yuma;arizona
zadar;croatia
zagreb;croatia
zahle;lebanon
zamosc;poland
zaragoza;spain
zarka;jordan
zelenogradsk;russia
zgierz;poland
zgorzelec;poland
zrenjanin;serbia
zurich;switzerland
zuta2;croatia
zuta;croatia
zwolle;netherlands
hilt;
werlte;
